{
  "10": {
    "top": -1,
    "bottom": -1,
    "left": 0,
    "right": 1,
    "x": 0.10416666666666666,
    "y": 0.1875,
    "topLeftCorner": {
      "x": 0,
      "y": 0.125
    }
  },
  "11": {
    "top": -1,
    "bottom": 1,
    "left": -1,
    "right": 1,
    "x": 0.22916666666666666,
    "y": 0.22916666666666666,
    "topLeftCorner": {
      "x": 0.125,
      "y": 0.125
    }
  },
  "12": {
    "top": 1,
    "bottom": -1,
    "left": -1,
    "right": -1,
    "x": 0.3125,
    "y": 0.14583333333333334,
    "topLeftCorner": {
      "x": 0.25,
      "y": 0.10416666666666667
    }
  },
  "13": {
    "top": -1,
    "bottom": 1,
    "left": 1,
    "right": 1,
    "x": 0.4375,
    "y": 0.22916666666666666,
    "topLeftCorner": {
      "x": 0.3541666666666667,
      "y": 0.125
    }
  },
  "14": {
    "top": 1,
    "bottom": 1,
    "left": -1,
    "right": -1,
    "x": 0.5625,
    "y": 0.1875,
    "topLeftCorner": {
      "x": 0.5,
      "y": 0.10416666666666667
    }
  },
  "15": {
    "top": 1,
    "bottom": 1,
    "left": 1,
    "right": -1,
    "x": 0.6458333333333334,
    "y": 0.1875,
    "topLeftCorner": {
      "x": 0.6041666666666666,
      "y": 0.10416666666666667
    }
  },
  "16": {
    "top": 1,
    "bottom": 1,
    "left": 1,
    "right": -1,
    "x": 0.7708333333333334,
    "y": 0.1875,
    "topLeftCorner": {
      "x": 0.7291666666666666,
      "y": 0.10416666666666667
    }
  },
  "17": {
    "top": -1,
    "bottom": -1,
    "left": 1,
    "right": 0,
    "x": 0.8958333333333334,
    "y": 0.1875,
    "topLeftCorner": {
      "x": 0.8541666666666666,
      "y": 0.125
    }
  },
  "20": {
    "top": 1,
    "bottom": -1,
    "left": 0,
    "right": 1,
    "x": 0.10416666666666666,
    "y": 0.2708333333333333,
    "topLeftCorner": {
      "x": 0,
      "y": 0.22916666666666666
    }
  },
  "21": {
    "top": -1,
    "bottom": 1,
    "left": -1,
    "right": -1,
    "x": 0.1875,
    "y": 0.3541666666666667,
    "topLeftCorner": {
      "x": 0.125,
      "y": 0.25
    }
  },
  "22": {
    "top": 1,
    "bottom": -1,
    "left": 1,
    "right": -1,
    "x": 0.2708333333333333,
    "y": 0.2708333333333333,
    "topLeftCorner": {
      "x": 0.22916666666666666,
      "y": 0.22916666666666666
    }
  },
  "23": {
    "top": -1,
    "bottom": 1,
    "left": 1,
    "right": 1,
    "x": 0.4375,
    "y": 0.3541666666666667,
    "topLeftCorner": {
      "x": 0.3541666666666667,
      "y": 0.25
    }
  },
  "24": {
    "top": -1,
    "bottom": 1,
    "left": -1,
    "right": 1,
    "x": 0.6041666666666666,
    "y": 0.3541666666666667,
    "topLeftCorner": {
      "x": 0.5,
      "y": 0.25
    }
  },
  "25": {
    "top": -1,
    "bottom": 1,
    "left": -1,
    "right": -1,
    "x": 0.6875,
    "y": 0.3541666666666667,
    "topLeftCorner": {
      "x": 0.625,
      "y": 0.25
    }
  },
  "26": {
    "top": -1,
    "bottom": -1,
    "left": 1,
    "right": 1,
    "x": 0.8125,
    "y": 0.3125,
    "topLeftCorner": {
      "x": 0.7291666666666666,
      "y": 0.25
    }
  },
  "27": {
    "top": 1,
    "bottom": 1,
    "left": -1,
    "right": 0,
    "x": 0.9375,
    "y": 0.3125,
    "topLeftCorner": {
      "x": 0.875,
      "y": 0.22916666666666666
    }
  },
  "30": {
    "top": 1,
    "bottom": 1,
    "left": 0,
    "right": 1,
    "x": 0.10416666666666666,
    "y": 0.4375,
    "topLeftCorner": {
      "x": 0,
      "y": 0.3541666666666667
    }
  },
  "31": {
    "top": -1,
    "bottom": 1,
    "left": -1,
    "right": 1,
    "x": 0.22916666666666666,
    "y": 0.4791666666666667,
    "topLeftCorner": {
      "x": 0.125,
      "y": 0.375
    }
  },
  "32": {
    "top": 1,
    "bottom": 1,
    "left": -1,
    "right": 1,
    "x": 0.3541666666666667,
    "y": 0.4375,
    "topLeftCorner": {
      "x": 0.25,
      "y": 0.3541666666666667
    }
  },
  "33": {
    "top": -1,
    "bottom": -1,
    "left": -1,
    "right": -1,
    "x": 0.4375,
    "y": 0.4375,
    "topLeftCorner": {
      "x": 0.375,
      "y": 0.375
    }
  },
  "34": {
    "top": -1,
    "bottom": -1,
    "left": 1,
    "right": 1,
    "x": 0.5625,
    "y": 0.4375,
    "topLeftCorner": {
      "x": 0.4791666666666667,
      "y": 0.375
    }
  },
  "35": {
    "top": -1,
    "bottom": 1,
    "left": -1,
    "right": -1,
    "x": 0.6875,
    "y": 0.4791666666666667,
    "topLeftCorner": {
      "x": 0.625,
      "y": 0.375
    }
  },
  "36": {
    "top": 1,
    "bottom": -1,
    "left": 1,
    "right": -1,
    "x": 0.7708333333333334,
    "y": 0.3958333333333333,
    "topLeftCorner": {
      "x": 0.7291666666666666,
      "y": 0.3541666666666667
    }
  },
  "37": {
    "top": -1,
    "bottom": -1,
    "left": 1,
    "right": 0,
    "x": 0.8958333333333334,
    "y": 0.4375,
    "topLeftCorner": {
      "x": 0.8541666666666666,
      "y": 0.375
    }
  },
  "40": {
    "top": -1,
    "bottom": 1,
    "left": 0,
    "right": 1,
    "x": 0.10416666666666666,
    "y": 0.6041666666666666,
    "topLeftCorner": {
      "x": 0,
      "y": 0.5
    }
  },
  "41": {
    "top": -1,
    "bottom": 1,
    "left": -1,
    "right": -1,
    "x": 0.1875,
    "y": 0.6041666666666666,
    "topLeftCorner": {
      "x": 0.125,
      "y": 0.5
    }
  },
  "42": {
    "top": -1,
    "bottom": -1,
    "left": 1,
    "right": -1,
    "x": 0.2708333333333333,
    "y": 0.5625,
    "topLeftCorner": {
      "x": 0.22916666666666666,
      "y": 0.5
    }
  },
  "43": {
    "top": 1,
    "bottom": -1,
    "left": 1,
    "right": -1,
    "x": 0.3958333333333333,
    "y": 0.5208333333333334,
    "topLeftCorner": {
      "x": 0.3541666666666667,
      "y": 0.4791666666666667
    }
  },
  "44": {
    "top": 1,
    "bottom": 1,
    "left": 1,
    "right": 1,
    "x": 0.5625,
    "y": 0.5625,
    "topLeftCorner": {
      "x": 0.4791666666666667,
      "y": 0.4791666666666667
    }
  },
  "45": {
    "top": -1,
    "bottom": 1,
    "left": -1,
    "right": 1,
    "x": 0.7291666666666666,
    "y": 0.6041666666666666,
    "topLeftCorner": {
      "x": 0.625,
      "y": 0.5
    }
  },
  "46": {
    "top": 1,
    "bottom": 1,
    "left": -1,
    "right": -1,
    "x": 0.8125,
    "y": 0.5625,
    "topLeftCorner": {
      "x": 0.75,
      "y": 0.4791666666666667
    }
  },
  "47": {
    "top": 1,
    "bottom": -1,
    "left": 1,
    "right": 0,
    "x": 0.8958333333333334,
    "y": 0.5208333333333334,
    "topLeftCorner": {
      "x": 0.8541666666666666,
      "y": 0.4791666666666667
    }
  },
  "50": {
    "top": -1,
    "bottom": -1,
    "left": 0,
    "right": 1,
    "x": 0.10416666666666666,
    "y": 0.6875,
    "topLeftCorner": {
      "x": 0,
      "y": 0.625
    }
  },
  "51": {
    "top": -1,
    "bottom": 1,
    "left": -1,
    "right": 1,
    "x": 0.22916666666666666,
    "y": 0.7291666666666666,
    "topLeftCorner": {
      "x": 0.125,
      "y": 0.625
    }
  },
  "52": {
    "top": 1,
    "bottom": -1,
    "left": -1,
    "right": 1,
    "x": 0.3541666666666667,
    "y": 0.6458333333333334,
    "topLeftCorner": {
      "x": 0.25,
      "y": 0.6041666666666666
    }
  },
  "53": {
    "top": 1,
    "bottom": -1,
    "left": -1,
    "right": -1,
    "x": 0.4375,
    "y": 0.6458333333333334,
    "topLeftCorner": {
      "x": 0.375,
      "y": 0.6041666666666666
    }
  },
  "54": {
    "top": -1,
    "bottom": -1,
    "left": 1,
    "right": 1,
    "x": 0.5625,
    "y": 0.6875,
    "topLeftCorner": {
      "x": 0.4791666666666667,
      "y": 0.625
    }
  },
  "55": {
    "top": -1,
    "bottom": 1,
    "left": -1,
    "right": -1,
    "x": 0.6875,
    "y": 0.7291666666666666,
    "topLeftCorner": {
      "x": 0.625,
      "y": 0.625
    }
  },
  "56": {
    "top": -1,
    "bottom": 1,
    "left": 1,
    "right": -1,
    "x": 0.7708333333333334,
    "y": 0.7291666666666666,
    "topLeftCorner": {
      "x": 0.7291666666666666,
      "y": 0.625
    }
  },
  "57": {
    "top": 1,
    "bottom": -1,
    "left": 1,
    "right": 0,
    "x": 0.8958333333333334,
    "y": 0.6458333333333334,